<scene version="2.1.0">

<!-- Defaults, these can be set via the command line: -Darg=value -->

	<default name="spp" value="128"/>
	<default name="res" value="512"/>
	<default name="integrator" value="path"/>
	<default name="mesh" value="target"/>

<!-- Camera and Rendering Parameters -->

	<integrator type="$integrator">
		<integer name="max_depth" value="12"/>
	</integrator>
	<sensor type="perspective" id="Camera.226">
		<string name="fov_axis" value="x"/>
		<float name="fov" value="39.597755"/>
		<float name="near_clip" value="0.100000"/>
		<float name="far_clip" value="1000.000000"/>
		<transform name="to_world">
			<rotate x="1" angle="-311.4096071303351"/>
			<rotate y="1" angle="-90.00000250447816"/>
			<translate value="5.952940 6.750000 0.000000"/>
		</transform>
		<sampler type="independent">
			<integer name="sample_count" value="$spp"/>
		</sampler>
		<film type="hdrfilm">
			<boolean name="sample_border" value="true"/>
			<integer name="width" value="$res"/>
			<integer name="height" value="$res"/>
		</film>
	</sensor>
	<sensor type="perspective" id="Camera.227">
		<string name="fov_axis" value="x"/>
		<float name="fov" value="39.597755"/>
		<float name="near_clip" value="0.100000"/>
		<float name="far_clip" value="1000.000000"/>
		<transform name="to_world">
			<rotate x="1" angle="48.5903789819155"/>
			<rotate y="1" angle="-3.3131126690334305e-06"/>
			<rotate z="1" angle="-3.756716894675999e-06"/>
			<translate value="0.000000 6.750000 -5.952940"/>
		</transform>
		<sampler type="independent">
			<integer name="sample_count" value="$spp"/>
		</sampler>
		<film type="hdrfilm">
			<boolean name="sample_border" value="true"/>
			<integer name="width" value="$res"/>
			<integer name="height" value="$res"/>
		</film>
	</sensor>
	<sensor type="perspective" id="Camera.228">
		<string name="fov_axis" value="x"/>
		<float name="fov" value="39.597755"/>
		<float name="near_clip" value="0.100000"/>
		<float name="far_clip" value="1000.000000"/>
		<transform name="to_world">
			<rotate x="1" angle="48.59037556682091"/>
			<rotate y="1" angle="90.00000250447816"/>
			<translate value="-5.952940 6.750000 -0.000000"/>
		</transform>
		<sampler type="independent">
			<integer name="sample_count" value="$spp"/>
		</sampler>
		<film type="hdrfilm">
			<boolean name="sample_border" value="true"/>
			<integer name="width" value="$res"/>
			<integer name="height" value="$res"/>
		</film>
	</sensor>
	<sensor type="perspective" id="Camera.229">
		<string name="fov_axis" value="x"/>
		<float name="fov" value="39.597755"/>
		<float name="near_clip" value="0.100000"/>
		<float name="far_clip" value="1000.000000"/>
		<transform name="to_world">
			<rotate x="1" angle="-131.40961578175708"/>
			<rotate y="1" angle="3.3131126690334305e-06"/>
			<rotate z="1" angle="-179.999991348578"/>
			<translate value="-0.000000 6.750000 5.952940"/>
		</transform>
		<sampler type="independent">
			<integer name="sample_count" value="$spp"/>
		</sampler>
		<film type="hdrfilm">
			<boolean name="sample_border" value="true"/>
			<integer name="width" value="$res"/>
			<integer name="height" value="$res"/>
		</film>
	</sensor>
	<sensor type="perspective" id="Camera.230">
		<string name="fov_axis" value="x"/>
		<float name="fov" value="39.597755"/>
		<float name="near_clip" value="0.100000"/>
		<float name="far_clip" value="1000.000000"/>
		<transform name="to_world">
			<rotate x="1" angle="-345.5224951663435"/>
			<rotate y="1" angle="-90.00000250447816"/>
			<translate value="8.714212 2.250000 0.000000"/>
		</transform>
		<sampler type="independent">
			<integer name="sample_count" value="$spp"/>
		</sampler>
		<film type="hdrfilm">
			<boolean name="sample_border" value="true"/>
			<integer name="width" value="$res"/>
			<integer name="height" value="$res"/>
		</film>
	</sensor>
	<sensor type="perspective" id="Camera.231">
		<string name="fov_axis" value="x"/>
		<float name="fov" value="39.597755"/>
		<float name="near_clip" value="0.100000"/>
		<float name="far_clip" value="1000.000000"/>
		<transform name="to_world">
			<rotate x="1" angle="14.477513144021856"/>
			<rotate y="1" angle="-4.849901120465207e-06"/>
			<rotate z="1" angle="-1.2522392362993324e-06"/>
			<translate value="0.000000 2.250000 -8.714212"/>
		</transform>
		<sampler type="independent">
			<integer name="sample_count" value="$spp"/>
		</sampler>
		<film type="hdrfilm">
			<boolean name="sample_border" value="true"/>
			<integer name="width" value="$res"/>
			<integer name="height" value="$res"/>
		</film>
	</sensor>
	<sensor type="perspective" id="Camera.232">
		<string name="fov_axis" value="x"/>
		<float name="fov" value="39.597755"/>
		<float name="near_clip" value="0.100000"/>
		<float name="far_clip" value="1000.000000"/>
		<transform name="to_world">
			<rotate x="1" angle="14.47750972892727"/>
			<rotate y="1" angle="90.00000250447816"/>
			<translate value="-8.714212 2.250000 -0.000000"/>
		</transform>
		<sampler type="independent">
			<integer name="sample_count" value="$spp"/>
		</sampler>
		<film type="hdrfilm">
			<boolean name="sample_border" value="true"/>
			<integer name="width" value="$res"/>
			<integer name="height" value="$res"/>
		</film>
	</sensor>
	<sensor type="perspective" id="Camera.233">
		<string name="fov_axis" value="x"/>
		<float name="fov" value="39.597755"/>
		<float name="near_clip" value="0.100000"/>
		<float name="far_clip" value="1000.000000"/>
		<transform name="to_world">
			<rotate x="1" angle="-165.52249015738718"/>
			<rotate y="1" angle="4.849901120465207e-06"/>
			<rotate z="1" angle="-180.00000500895632"/>
			<translate value="-0.000000 2.250000 8.714212"/>
		</transform>
		<sampler type="independent">
			<integer name="sample_count" value="$spp"/>
		</sampler>
		<film type="hdrfilm">
			<boolean name="sample_border" value="true"/>
			<integer name="width" value="$res"/>
			<integer name="height" value="$res"/>
		</film>
	</sensor>
	<sensor type="perspective" id="Camera.234">
		<string name="fov_axis" value="x"/>
		<float name="fov" value="39.597755"/>
		<float name="near_clip" value="0.100000"/>
		<float name="far_clip" value="1000.000000"/>
		<transform name="to_world">
			<rotate x="1" angle="345.5224951663435"/>
			<rotate y="1" angle="-90.00000250447816"/>
			<translate value="8.714212 -2.250000 0.000000"/>
		</transform>
		<sampler type="independent">
			<integer name="sample_count" value="$spp"/>
		</sampler>
		<film type="hdrfilm">
			<boolean name="sample_border" value="true"/>
			<integer name="width" value="$res"/>
			<integer name="height" value="$res"/>
		</film>
	</sensor>
	<sensor type="perspective" id="Camera.235">
		<string name="fov_axis" value="x"/>
		<float name="fov" value="39.597755"/>
		<float name="near_clip" value="0.100000"/>
		<float name="far_clip" value="1000.000000"/>
		<transform name="to_world">
			<rotate x="1" angle="-14.477513144021856"/>
			<rotate y="1" angle="-4.849901120465207e-06"/>
			<rotate z="1" angle="1.2522392362993324e-06"/>
			<translate value="0.000000 -2.250000 -8.714212"/>
		</transform>
		<sampler type="independent">
			<integer name="sample_count" value="$spp"/>
		</sampler>
		<film type="hdrfilm">
			<boolean name="sample_border" value="true"/>
			<integer name="width" value="$res"/>
			<integer name="height" value="$res"/>
		</film>
	</sensor>
	<sensor type="perspective" id="Camera.236">
		<string name="fov_axis" value="x"/>
		<float name="fov" value="39.597755"/>
		<float name="near_clip" value="0.100000"/>
		<float name="far_clip" value="1000.000000"/>
		<transform name="to_world">
			<rotate x="1" angle="-14.47750972892727"/>
			<rotate y="1" angle="90.00000250447816"/>
			<translate value="-8.714212 -2.250000 -0.000000"/>
		</transform>
		<sampler type="independent">
			<integer name="sample_count" value="$spp"/>
		</sampler>
		<film type="hdrfilm">
			<boolean name="sample_border" value="true"/>
			<integer name="width" value="$res"/>
			<integer name="height" value="$res"/>
		</film>
	</sensor>
	<sensor type="perspective" id="Camera.237">
		<string name="fov_axis" value="x"/>
		<float name="fov" value="39.597755"/>
		<float name="near_clip" value="0.100000"/>
		<float name="far_clip" value="1000.000000"/>
		<transform name="to_world">
			<rotate x="1" angle="165.52249015738718"/>
			<rotate y="1" angle="4.849901120465207e-06"/>
			<rotate z="1" angle="180.00000500895632"/>
			<translate value="-0.000000 -2.250000 8.714212"/>
		</transform>
		<sampler type="independent">
			<integer name="sample_count" value="$spp"/>
		</sampler>
		<film type="hdrfilm">
			<boolean name="sample_border" value="true"/>
			<integer name="width" value="$res"/>
			<integer name="height" value="$res"/>
		</film>
	</sensor>
	<sensor type="perspective" id="Camera.238">
		<string name="fov_axis" value="x"/>
		<float name="fov" value="39.597755"/>
		<float name="near_clip" value="0.100000"/>
		<float name="far_clip" value="1000.000000"/>
		<transform name="to_world">
			<rotate x="1" angle="311.4096071303351"/>
			<rotate y="1" angle="-90.00000250447816"/>
			<translate value="5.952940 -6.750000 0.000000"/>
		</transform>
		<sampler type="independent">
			<integer name="sample_count" value="$spp"/>
		</sampler>
		<film type="hdrfilm">
			<boolean name="sample_border" value="true"/>
			<integer name="width" value="$res"/>
			<integer name="height" value="$res"/>
		</film>
	</sensor>
	<sensor type="perspective" id="Camera.239">
		<string name="fov_axis" value="x"/>
		<float name="fov" value="39.597755"/>
		<float name="near_clip" value="0.100000"/>
		<float name="far_clip" value="1000.000000"/>
		<transform name="to_world">
			<rotate x="1" angle="-48.5903789819155"/>
			<rotate y="1" angle="-3.3131126690334305e-06"/>
			<rotate z="1" angle="3.756716894675999e-06"/>
			<translate value="0.000000 -6.750000 -5.952940"/>
		</transform>
		<sampler type="independent">
			<integer name="sample_count" value="$spp"/>
		</sampler>
		<film type="hdrfilm">
			<boolean name="sample_border" value="true"/>
			<integer name="width" value="$res"/>
			<integer name="height" value="$res"/>
		</film>
	</sensor>
	<sensor type="perspective" id="Camera.240">
		<string name="fov_axis" value="x"/>
		<float name="fov" value="39.597755"/>
		<float name="near_clip" value="0.100000"/>
		<float name="far_clip" value="1000.000000"/>
		<transform name="to_world">
			<rotate x="1" angle="-48.59037556682091"/>
			<rotate y="1" angle="90.00000250447816"/>
			<translate value="-5.952940 -6.750000 -0.000000"/>
		</transform>
		<sampler type="independent">
			<integer name="sample_count" value="$spp"/>
		</sampler>
		<film type="hdrfilm">
			<boolean name="sample_border" value="true"/>
			<integer name="width" value="$res"/>
			<integer name="height" value="$res"/>
		</film>
	</sensor>
	<sensor type="perspective" id="Camera.241">
		<string name="fov_axis" value="x"/>
		<float name="fov" value="39.597755"/>
		<float name="near_clip" value="0.100000"/>
		<float name="far_clip" value="1000.000000"/>
		<transform name="to_world">
			<rotate x="1" angle="131.40961578175708"/>
			<rotate y="1" angle="3.3131126690334305e-06"/>
			<rotate z="1" angle="179.999991348578"/>
			<translate value="-0.000000 -6.750000 5.952940"/>
		</transform>
		<sampler type="independent">
			<integer name="sample_count" value="$spp"/>
		</sampler>
		<film type="hdrfilm">
			<boolean name="sample_border" value="true"/>
			<integer name="width" value="$res"/>
			<integer name="height" value="$res"/>
		</film>
	</sensor>

<!-- Materials -->

	<bsdf type="twosided" id="default-bsdf">
		<bsdf type="diffuse"/>
	</bsdf>
	<bsdf type="diffuse" id="mat-Default OBJ.001">
		<rgb value="1.000000 0.000000 0.300000" name="reflectance"/>
	</bsdf>

<!-- Emitters -->

	<emitter type="envmap" id="World">
		<string name="filename" value="textures/kloppenheim_06_2k.hdr"/>
		<float name="scale" value="1.000000"/>
		<transform name="to_world">
			<matrix value="0.000000 0.000000 1.000000 0.000000 0.000000 1.000000 0.000000 0.000000 -1.000000 0.000000 0.000000 0.000000 0.000000 0.000000 0.000000 1.000000"/>
		</transform>
	</emitter>

<!-- Shapes -->

	<shape type="ply" id="mesh-$mesh">
		<string name="filename" value="meshes/$mesh.ply"/>
		<transform name="to_world">
            <scale value="1.5"/>
        </transform>
		<ref id="default-bsdf" name="bsdf"/>
	</shape>
</scene>
