<scene version="3.0.0">
	<default name="integrator" value="path" />
	<default name="spp" value="64" />
	<default name="resy" value="720" />
	<default name="resx" value="1280" />
	<default name="max_depth" value="65" />
	<integrator type="$integrator">
		<integer name="max_depth" value="$max_depth" />
	</integrator>
	<sensor type="perspective">
		<float name="fov" value="60" />
		<transform name="to_world">
			<matrix value="-0.999914 0.000835626 0.013058 -0.587317 -5.82126e-011 0.997959 -0.063863 2.7623 -0.0130847 -0.0638576 -0.997873 9.71429 0 0 0 1" />
		</transform>
		<sampler type="independent">
			<integer name="sample_count" value="$spp" />
		</sampler>
		<film type="hdrfilm">
			<integer name="width" value="$resx" />
			<integer name="height" value="$resy" />
			<string name="file_format" value="openexr" />
			<string name="pixel_format" value="rgb" />
			<rfilter type="tent" />
		</film>
	</sensor>
	<bsdf type="twosided" id="WhitePlasticBSDF">
		<bsdf type="roughplastic">
			<float name="alpha" value="0.1" />
			<string name="distribution" value="beckmann" />
			<float name="int_ior" value="1.5" />
			<float name="ext_ior" value="1" />
			<boolean name="nonlinear" value="true" />
			<rgb name="diffuse_reflectance" value="1, 1, 1" />
		</bsdf>
	</bsdf>
	<bsdf type="twosided" id="ChromeBSDF">
		<bsdf type="roughconductor">
			<float name="alpha" value="0.05" />
			<string name="distribution" value="ggx" />
			<rgb name="specular_reflectance" value="1, 1, 1" />
			<rgb name="eta" value="4.36968, 2.9167, 1.6547" />
			<rgb name="k" value="5.20643, 4.23136, 3.75495" />
		</bsdf>
	</bsdf>
	<bsdf type="twosided" id="BlackRubberBSDF">
		<bsdf type="roughplastic">
			<float name="alpha" value="0.2" />
			<string name="distribution" value="ggx" />
			<float name="int_ior" value="1.5" />
			<float name="ext_ior" value="1" />
			<boolean name="nonlinear" value="true" />
			<rgb name="diffuse_reflectance" value="0.05, 0.05, 0.05" />
		</bsdf>
	</bsdf>
	<bsdf type="twosided" id="WallsBSDF">
		<bsdf type="diffuse">
			<rgb name="reflectance" value="0.2, 0.2, 0.2" />
		</bsdf>
	</bsdf>
	<bsdf type="twosided" id="ArtworkBSDF">
		<bsdf type="diffuse">
			<texture name="reflectance" type="bitmap">
				<string name="filename" value="textures/picture3.jpg" />
				<string name="filter_type" value="bilinear" />
			</texture>
		</bsdf>
	</bsdf>
	<bsdf type="twosided" id="NoneBSDF">
		<bsdf type="diffuse">
			<rgb name="reflectance" value="0, 0, 0" />
		</bsdf>
	</bsdf>
	<bsdf type="twosided" id="FloorTilesBSDF">
		<bsdf type="diffuse">
			<texture name="reflectance" type="bitmap">
				<string name="filename" value="textures/Tiles.jpg" />
				<string name="filter_type" value="bilinear" />
			</texture>
		</bsdf>
	</bsdf>
	<bsdf type="twosided" id="BlackPaintBSDF">
		<bsdf type="roughplastic">
			<float name="alpha" value="0.2" />
			<string name="distribution" value="beckmann" />
			<float name="int_ior" value="1.5" />
			<float name="ext_ior" value="1" />
			<boolean name="nonlinear" value="true" />
			<rgb name="diffuse_reflectance" value="0.01, 0.01, 0.01" />
		</bsdf>
	</bsdf>
	<bsdf type="twosided" id="WhiteMarbleBSDF">
		<bsdf type="diffuse">
			<rgb name="reflectance" value="0.325037, 0.325037, 0.325037" />
		</bsdf>
	</bsdf>
	<bsdf type="twosided" id="GoldBSDF">
		<bsdf type="roughconductor">
			<float name="alpha" value="0.1" />
			<string name="distribution" value="beckmann" />
			<rgb name="specular_reflectance" value="1, 1, 1" />
			<rgb name="eta" value="0.143119, 0.374957, 1.44248" />
			<rgb name="k" value="3.98316, 2.38572, 1.60322" />
		</bsdf>
	</bsdf>
	<bsdf type="twosided" id="CeramicBSDF">
		<bsdf type="roughplastic">
			<float name="alpha" value="0.01" />
			<string name="distribution" value="beckmann" />
			<float name="int_ior" value="1.5" />
			<float name="ext_ior" value="1" />
			<boolean name="nonlinear" value="true" />
			<rgb name="diffuse_reflectance" value="1, 1, 1" />
		</bsdf>
	</bsdf>
	<bsdf type="twosided" id="RoughMetalBSDF">
		<bsdf type="roughconductor">
			<float name="alpha" value="0.1" />
			<string name="distribution" value="beckmann" />
			<rgb name="specular_reflectance" value="1, 1, 1" />
			<rgb name="eta" value="1.65746, 0.880369, 0.521229" />
			<rgb name="k" value="9.22387, 6.26952, 4.837" />
		</bsdf>
	</bsdf>
	<bsdf type="twosided" id="PaintedCeramicBSDF">
		<bsdf type="roughplastic">
			<float name="alpha" value="0.01" />
			<string name="distribution" value="beckmann" />
			<float name="int_ior" value="1.5" />
			<float name="ext_ior" value="1" />
			<boolean name="nonlinear" value="true" />
			<texture name="diffuse_reflectance" type="bitmap">
				<string name="filename" value="textures/Teacup.png" />
				<string name="filter_type" value="bilinear" />
			</texture>
		</bsdf>
	</bsdf>
	<bsdf type="twosided" id="SkirtWoodBSDF">
		<bsdf type="roughplastic">
			<float name="alpha" value="0.1" />
			<string name="distribution" value="ggx" />
			<float name="int_ior" value="1.5" />
			<float name="ext_ior" value="1" />
			<boolean name="nonlinear" value="true" />
			<rgb name="diffuse_reflectance" value="0.684615, 0.684615, 0.684615" />
		</bsdf>
	</bsdf>
	<bsdf type="twosided" id="FrostedGlassBSDF">
		<bsdf type="roughplastic">
			<float name="alpha" value="0.1" />
			<string name="distribution" value="ggx" />
			<float name="int_ior" value="1.5" />
			<float name="ext_ior" value="1" />
			<boolean name="nonlinear" value="true" />
			<rgb name="diffuse_reflectance" value="0.79311, 0.79311, 0.79311" />
		</bsdf>
	</bsdf>
	<shape type="obj" id="FrostedGlass_0001">
		<string name="filename" value="models/Mesh013.obj" />
		<transform name="to_world">
			<matrix value="1 0 0 0 0 1 0 0 0 0 1 0 0 0 0 1" />
		</transform>
		<ref id="FrostedGlassBSDF" />
	</shape>
	<shape type="obj" id="WhitePlastic_0001">
		<string name="filename" value="models/Mesh016.obj" />
		<transform name="to_world">
			<matrix value="1 0 0 0 0 1 0 0 0 0 1 0 0 0 0 1" />
		</transform>
		<boolean name="face_normals" value="true" />
		<ref id="WhitePlasticBSDF" />
	</shape>
	<shape type="obj" id="WhitePlastic_0002">
		<string name="filename" value="models/Mesh015.obj" />
		<transform name="to_world">
			<matrix value="1 0 0 0 0 1 0 0 0 0 1 0 0 0 0 1" />
		</transform>
		<ref id="WhitePlasticBSDF" />
	</shape>
	<shape type="obj" id="FrostedGlass_0002">
		<string name="filename" value="models/Mesh023.obj" />
		<transform name="to_world">
			<matrix value="1 0 0 0 0 1 0 0 0 0 1 0 0 0 0 1" />
		</transform>
		<ref id="FrostedGlassBSDF" />
	</shape>
	<shape type="obj" id="WhitePlastic_0003">
		<string name="filename" value="models/Mesh020.obj" />
		<transform name="to_world">
			<matrix value="1 0 0 0 0 1 0 0 0 0 1 0 0 0 0 1" />
		</transform>
		<boolean name="face_normals" value="true" />
		<ref id="WhitePlasticBSDF" />
	</shape>
	<shape type="obj" id="WhitePlastic_0004">
		<string name="filename" value="models/Mesh017.obj" />
		<transform name="to_world">
			<matrix value="1 0 0 0 0 1 0 0 0 0 1 0 0 0 0 1" />
		</transform>
		<ref id="WhitePlasticBSDF" />
	</shape>
	<shape type="obj" id="None">
		<string name="filename" value="models/Mesh024.obj" />
		<transform name="to_world">
			<matrix value="1 0 0 0 0 1 0 0 0 0 1 0 0 0 0 1" />
		</transform>
		<boolean name="face_normals" value="true" />
		<ref id="NoneBSDF" />
	</shape>
	<shape type="obj" id="BlackPaint_0001">
		<string name="filename" value="models/Mesh041.obj" />
		<transform name="to_world">
			<matrix value="1 0 0 0 0 1 0 0 0 0 1 0 0 0 0 1" />
		</transform>
		<boolean name="face_normals" value="true" />
		<ref id="BlackPaintBSDF" />
	</shape>
	<shape type="obj" id="BlackPaint_0002">
		<string name="filename" value="models/Mesh011.obj" />
		<transform name="to_world">
			<matrix value="1 0 0 0 0 1 0 0 0 0 1 0 0 0 0 1" />
		</transform>
		<ref id="BlackPaintBSDF" />
	</shape>
	<shape type="obj" id="Ceramic_0001">
		<string name="filename" value="models/Mesh026.obj" />
		<transform name="to_world">
			<matrix value="1 0 0 0 0 1 0 0 0 0 1 0 0 0 0 1" />
		</transform>
		<ref id="CeramicBSDF" />
	</shape>
	<shape type="obj" id="Gold_0001">
		<string name="filename" value="models/Mesh018.obj" />
		<transform name="to_world">
			<matrix value="1 0 0 0 0 1 0 0 0 0 1 0 0 0 0 1" />
		</transform>
		<ref id="GoldBSDF" />
	</shape>
	<shape type="obj" id="RoughMetal_0001">
		<string name="filename" value="models/Mesh007.obj" />
		<transform name="to_world">
			<matrix value="1 0 0 0 0 1 0 0 0 0 1 0 0 0 0 1" />
		</transform>
		<ref id="RoughMetalBSDF" />
	</shape>
	<shape type="obj" id="PaintedCeramic_0001">
		<string name="filename" value="models/Mesh005.obj" />
		<transform name="to_world">
			<matrix value="1 0 0 0 0 1 0 0 0 0 1 0 0 0 0 1" />
		</transform>
		<ref id="PaintedCeramicBSDF" />
	</shape>
	<shape type="obj" id="Gold_0002">
		<string name="filename" value="models/Mesh019.obj" />
		<transform name="to_world">
			<matrix value="1 0 0 0 0 1 0 0 0 0 1 0 0 0 0 1" />
		</transform>
		<ref id="GoldBSDF" />
	</shape>
	<shape type="obj" id="Ceramic_0002">
		<string name="filename" value="models/Mesh021.obj" />
		<transform name="to_world">
			<matrix value="1 0 0 0 0 1 0 0 0 0 1 0 0 0 0 1" />
		</transform>
		<ref id="CeramicBSDF" />
	</shape>
	<shape type="obj" id="Ceramic_0003">
		<string name="filename" value="models/Mesh037.obj" />
		<transform name="to_world">
			<matrix value="1 0 0 0 0 1 0 0 0 0 1 0 0 0 0 1" />
		</transform>
		<ref id="CeramicBSDF" />
	</shape>
	<shape type="obj" id="Gold_0003">
		<string name="filename" value="models/Mesh004.obj" />
		<transform name="to_world">
			<matrix value="1 0 0 0 0 1 0 0 0 0 1 0 0 0 0 1" />
		</transform>
		<ref id="GoldBSDF" />
	</shape>
	<shape type="obj" id="PaintedCeramic_0002">
		<string name="filename" value="models/Mesh014.obj" />
		<transform name="to_world">
			<matrix value="1 0 0 0 0 1 0 0 0 0 1 0 0 0 0 1" />
		</transform>
		<ref id="PaintedCeramicBSDF" />
	</shape>
	<shape type="obj" id="Gold_0004">
		<string name="filename" value="models/Mesh012.obj" />
		<transform name="to_world">
			<matrix value="1 0 0 0 0 1 0 0 0 0 1 0 0 0 0 1" />
		</transform>
		<ref id="GoldBSDF" />
	</shape>
	<shape type="obj" id="Ceramic_0004">
		<string name="filename" value="models/Mesh028.obj" />
		<transform name="to_world">
			<matrix value="1 0 0 0 0 1 0 0 0 0 1 0 0 0 0 1" />
		</transform>
		<ref id="CeramicBSDF" />
	</shape>
	<shape type="obj" id="RoughMetal_0002">
		<string name="filename" value="models/Mesh025.obj" />
		<transform name="to_world">
			<matrix value="1 0 0 0 0 1 0 0 0 0 1 0 0 0 0 1" />
		</transform>
		<ref id="RoughMetalBSDF" />
	</shape>
	<shape type="obj" id="Ceramic_0005">
		<string name="filename" value="models/Mesh008.obj" />
		<transform name="to_world">
			<matrix value="1 0 0 0 0 1 0 0 0 0 1 0 0 0 0 1" />
		</transform>
		<ref id="CeramicBSDF" />
	</shape>
	<shape type="obj" id="WhitePlastic_0005">
		<string name="filename" value="models/Mesh032.obj" />
		<transform name="to_world">
			<matrix value="1 0 0 0 0 1 0 0 0 0 1 0 0 0 0 1" />
		</transform>
		<ref id="WhitePlasticBSDF" />
	</shape>
	<shape type="obj" id="Chrome_0001">
		<string name="filename" value="models/Mesh035.obj" />
		<transform name="to_world">
			<matrix value="1 0 0 0 0 1 0 0 0 0 1 0 0 0 0 1" />
		</transform>
		<ref id="ChromeBSDF" />
	</shape>
	<shape type="obj" id="BlackRubber_0001">
		<string name="filename" value="models/Mesh042.obj" />
		<transform name="to_world">
			<matrix value="1 0 0 0 0 1 0 0 0 0 1 0 0 0 0 1" />
		</transform>
		<ref id="BlackRubberBSDF" />
	</shape>
	<shape type="obj" id="WhitePlastic_0006">
		<string name="filename" value="models/Mesh010.obj" />
		<transform name="to_world">
			<matrix value="1 0 0 0 0 1 0 0 0 0 1 0 0 0 0 1" />
		</transform>
		<ref id="WhitePlasticBSDF" />
	</shape>
	<shape type="obj" id="Chrome_0002">
		<string name="filename" value="models/Mesh036.obj" />
		<transform name="to_world">
			<matrix value="1 0 0 0 0 1 0 0 0 0 1 0 0 0 0 1" />
		</transform>
		<ref id="ChromeBSDF" />
	</shape>
	<shape type="obj" id="BlackRubber_0002">
		<string name="filename" value="models/Mesh027.obj" />
		<transform name="to_world">
			<matrix value="1 0 0 0 0 1 0 0 0 0 1 0 0 0 0 1" />
		</transform>
		<ref id="BlackRubberBSDF" />
	</shape>
	<shape type="obj" id="WhitePlastic_0007">
		<string name="filename" value="models/Mesh043.obj" />
		<transform name="to_world">
			<matrix value="1 0 0 0 0 1 0 0 0 0 1 0 0 0 0 1" />
		</transform>
		<ref id="WhitePlasticBSDF" />
	</shape>
	<shape type="obj" id="Chrome_0003">
		<string name="filename" value="models/Mesh044.obj" />
		<transform name="to_world">
			<matrix value="1 0 0 0 0 1 0 0 0 0 1 0 0 0 0 1" />
		</transform>
		<ref id="ChromeBSDF" />
	</shape>
	<shape type="obj" id="BlackRubber_0003">
		<string name="filename" value="models/Mesh031.obj" />
		<transform name="to_world">
			<matrix value="1 0 0 0 0 1 0 0 0 0 1 0 0 0 0 1" />
		</transform>
		<ref id="BlackRubberBSDF" />
	</shape>
	<shape type="obj" id="WhitePlastic_0008">
		<string name="filename" value="models/Mesh022.obj" />
		<transform name="to_world">
			<matrix value="1 0 0 0 0 1 0 0 0 0 1 0 0 0 0 1" />
		</transform>
		<ref id="WhitePlasticBSDF" />
	</shape>
	<shape type="obj" id="Chrome_0004">
		<string name="filename" value="models/Mesh038.obj" />
		<transform name="to_world">
			<matrix value="1 0 0 0 0 1 0 0 0 0 1 0 0 0 0 1" />
		</transform>
		<ref id="ChromeBSDF" />
	</shape>
	<shape type="obj" id="BlackRubber_0004">
		<string name="filename" value="models/Mesh030.obj" />
		<transform name="to_world">
			<matrix value="1 0 0 0 0 1 0 0 0 0 1 0 0 0 0 1" />
		</transform>
		<ref id="BlackRubberBSDF" />
	</shape>
	<shape type="obj" id="WhitePlastic_0009">
		<string name="filename" value="models/Mesh046.obj" />
		<transform name="to_world">
			<matrix value="1 0 0 0 0 1 0 0 0 0 1 0 0 0 0 1" />
		</transform>
		<ref id="WhitePlasticBSDF" />
	</shape>
	<shape type="obj" id="Chrome_0005">
		<string name="filename" value="models/Mesh047.obj" />
		<transform name="to_world">
			<matrix value="1 0 0 0 0 1 0 0 0 0 1 0 0 0 0 1" />
		</transform>
		<ref id="ChromeBSDF" />
	</shape>
	<shape type="obj" id="BlackRubber_0005">
		<string name="filename" value="models/Mesh034.obj" />
		<transform name="to_world">
			<matrix value="1 0 0 0 0 1 0 0 0 0 1 0 0 0 0 1" />
		</transform>
		<ref id="BlackRubberBSDF" />
	</shape>
	<shape type="obj" id="WhiteMarble">
		<string name="filename" value="models/Mesh033.obj" />
		<transform name="to_world">
			<matrix value="1 0 0 0 0 1 0 0 0 0 1 0 0 0 0 1" />
		</transform>
		<boolean name="face_normals" value="true" />
		<ref id="WhiteMarbleBSDF" />
	</shape>
	<shape type="obj" id="FloorTiles">
		<string name="filename" value="models/Mesh006.obj" />
		<transform name="to_world">
			<matrix value="1 0 0 0 0 1 0 0 0 0 1.05106 -0.452102 0 0 0 1" />
		</transform>
		<boolean name="face_normals" value="true" />
		<ref id="FloorTilesBSDF" />
	</shape>
	<shape type="obj" id="Walls_0001">
		<string name="filename" value="models/Mesh048.obj" />
		<transform name="to_world">
			<matrix value="1 0 0 0 0 1 0 0 0 0 1 0 0 0 0 1" />
		</transform>
		<boolean name="face_normals" value="true" />
		<ref id="WallsBSDF" />
	</shape>
	<shape type="obj" id="WhitePlastic_0010">
		<string name="filename" value="models/Mesh049.obj" />
		<transform name="to_world">
			<matrix value="1 0 0 0 0 1 0 0 0 0 1 0 0 0 0 1" />
		</transform>
		<ref id="WhitePlasticBSDF" />
	</shape>
	<shape type="obj" id="Chrome_0006">
		<string name="filename" value="models/Mesh051.obj" />
		<transform name="to_world">
			<matrix value="1 0 0 0 0 1 0 0 0 0 1 0 0 0 0 1" />
		</transform>
		<ref id="ChromeBSDF" />
	</shape>
	<shape type="obj" id="BlackRubber_0006">
		<string name="filename" value="models/Mesh040.obj" />
		<transform name="to_world">
			<matrix value="1 0 0 0 0 1 0 0 0 0 1 0 0 0 0 1" />
		</transform>
		<ref id="BlackRubberBSDF" />
	</shape>
	<shape type="obj" id="Ceramic_0006">
		<string name="filename" value="models/Mesh003.obj" />
		<transform name="to_world">
			<matrix value="1 0 0 0 0 1 0 0 0 0 1 0 0 0 0 1" />
		</transform>
		<ref id="CeramicBSDF" />
	</shape>
	<shape type="obj" id="Ceramic_0007">
		<string name="filename" value="models/Mesh002.obj" />
		<transform name="to_world">
			<matrix value="1 0 0 0 0 1 0 0 0 0 1 0 0 0 0 1" />
		</transform>
		<ref id="CeramicBSDF" />
	</shape>
	<shape type="obj" id="Gold_0005">
		<string name="filename" value="models/Mesh009.obj" />
		<transform name="to_world">
			<matrix value="1 0 0 0 0 1 0 0 0 0 1 0 0 0 0 1" />
		</transform>
		<ref id="GoldBSDF" />
	</shape>
	<shape type="obj" id="RoughMetal_0003">
		<string name="filename" value="models/Mesh045.obj" />
		<transform name="to_world">
			<matrix value="1 0 0 0 0 1 0 0 0 0 1 0 0 0 0 1" />
		</transform>
		<ref id="RoughMetalBSDF" />
	</shape>
	<shape type="obj" id="PaintedCeramic_0003">
		<string name="filename" value="models/Mesh029.obj" />
		<transform name="to_world">
			<matrix value="1 0 0 0 0 1 0 0 0 0 1 0 0 0 0 1" />
		</transform>
		<ref id="PaintedCeramicBSDF" />
	</shape>
	<shape type="obj" id="Gold_0006">
		<string name="filename" value="models/Mesh039.obj" />
		<transform name="to_world">
			<matrix value="1 0 0 0 0 1 0 0 0 0 1 0 0 0 0 1" />
		</transform>
		<ref id="GoldBSDF" />
	</shape>
	<shape type="obj" id="Ceramic_0008">
		<string name="filename" value="models/Mesh050.obj" />
		<transform name="to_world">
			<matrix value="1 0 0 0 0 1 0 0 0 0 1 0 0 0 0 1" />
		</transform>
		<ref id="CeramicBSDF" />
	</shape>
	<shape type="obj" id="Artwork">
		<string name="filename" value="models/Mesh001.obj" />
		<transform name="to_world">
			<matrix value="-1 0 -1.50996e-007 -0.621391 0 1 0 4.02309 1.50996e-007 0 -1 -4.47482 0 0 0 1" />
		</transform>
		<boolean name="face_normals" value="true" />
		<ref id="ArtworkBSDF" />
	</shape>
	<shape type="obj" id="SkirtWood">
		<string name="filename" value="models/Mesh000.obj" />
		<transform name="to_world">
			<matrix value="1 0 0 0 0 1 0 0 0 0 1 0 0 0 0 1" />
		</transform>
		<boolean name="face_normals" value="true" />
		<ref id="SkirtWoodBSDF" />
	</shape>
	<shape type="rectangle" id="Walls_0002">
		<transform name="to_world">
			<matrix value="-2.08669e-007 -2.00635e-007 4.59 -6.29999 -4.7738 8.77005e-015 -2.00635e-007 3.25695 0 -7.344 -3.21016e-007 2.7 0 0 0 1" />
		</transform>
		<ref id="WallsBSDF" />
	</shape>
    <emitter type="envmap" >
        <string name="filename" value="textures/spaichingen_hill_2k.exr" />
		<transform name="to_world">
			<rotate y="1" angle="115" />
		</transform>
    </emitter>
</scene>